,Predicted_UHI,CI_Low,CI_High
2025-12-25,6.523862704079229,1.5671296545402011,11.480595753618257
2026-01-01,6.23654629804239,2.25309404712057,10.21999854896421
2026-01-08,5.869227291983936,1.599362599294313,10.13909198467356
2026-01-15,5.796160349686605,1.6288622192833344,9.963458480089876
2026-01-22,5.48638690596478,2.098323048450404,8.874450763479157
2026-01-29,5.517443360726834,2.2058198571329743,8.829066864320694
2026-02-05,5.278102363116826,2.502723209971045,8.053481516262607
2026-02-12,5.2190495032617275,2.7112023464046504,7.726896660118804
2026-02-19,5.009352620511032,3.100671849527374,6.918033391494689
2026-02-26,4.873351202797566,3.0929298809153134,6.653772524679818
2026-03-05,4.879109148674645,3.2133105203412704,6.544907777008019
2026-03-12,4.882767090113461,3.1809921771293097,6.584542003097612
2026-03-19,4.681349865694409,3.123061735270192,6.239637996118625
2026-03-26,4.6645293289010255,3.235394539065566,6.093664118736485
2026-04-02,4.718343478809417,3.291029339153787,6.145657618465047
2026-04-09,4.667592422000231,3.2912406611860083,6.043944182814454
2026-04-16,4.758448033502125,3.3545012984296916,6.162394768574559
2026-04-23,4.767217591868565,3.2590983516787873,6.275336832058343
2026-04-30,4.797113876873976,3.2504005999315284,6.343827153816423
2026-05-07,4.705378325904323,3.105889437697492,6.3048672141111535
2026-05-14,4.675793111749276,3.21670003434535,6.134886189153202
2026-05-21,4.696173024366628,3.230053281901343,6.1622927668319125
2026-05-28,4.702372327803982,3.2363714287049663,6.168373226902997
2026-06-04,4.66694756003944,-0.657530754160323,9.991425874239203
2026-06-11,4.6594255283669055,-0.6674191416612238,9.986270198395035
2026-06-18,4.633849006165675,-0.7049258188370846,9.972623831168434
2026-06-25,4.636542791351291,-0.6992559354569892,9.97234151815957
2026-07-02,4.476834208459379,-0.27895557422356543,9.232623991142322
2026-07-09,4.45940985722202,-0.18524965982245511,9.104069374266496
2026-07-16,4.4192384595084855,-0.16735707860232907,9.0058339976193
2026-07-23,4.417299065746885,-0.1718115268114433,9.006409658305213
2026-07-30,4.243769658036367,-0.2950914252528545,8.782630741325589
2026-08-06,4.789759472392932,-0.04434319177693968,9.623862136562803
2026-08-13,5.660664815314032,0.19103802103535106,11.130291609592714
2026-08-20,7.152037946719755,1.2741127284033062,13.029963165036204
2026-08-27,8.567109334514548,2.8902393569391247,14.243979312089971
2026-09-03,7.826892115912221,2.324802873292267,13.328981358532175
2026-09-10,7.886551069379424,2.283345514839664,13.489756623919185
2026-09-17,7.861743283289919,2.190746743905118,13.53273982267472
2026-09-24,7.816012365924676,2.133504352680042,13.49852037916931
2026-10-01,6.137043338594994,2.032501666829905,10.241585010360083
2026-10-08,5.918422735859805,2.4157831138439754,9.421062357875634
2026-10-15,5.879287556757278,2.495060092019985,9.263515021494571
2026-10-22,5.726082288732666,3.0251402671801064,8.427024310285226
2026-10-29,5.610952380869124,3.1338889027523242,8.088015858985923
2026-11-05,5.584505680584101,3.086376392766519,8.082634968401683
2026-11-12,5.582055013304112,3.0870741055154514,8.077035921092772
2026-11-19,5.50807576864125,3.0642577217750273,7.951893815507473
2026-11-26,5.3669776949500365,3.0008526318488338,7.733102758051239
2026-12-03,5.665694967721269,1.813125348693724,9.518264586748813
2026-12-10,5.6187450251454685,1.638696006932062,9.598794043358875
2026-12-17,5.595134988279472,1.604297397723316,9.585972578835628
2026-12-24,5.608890383530501,1.666969248640768,9.550811518420234
2026-12-31,5.69426147367332,1.649892806608543,9.738630140738097
2027-01-07,5.556490192293421,2.4273055118138065,8.685674872773037
2027-01-14,5.6041369835732695,2.3358079865618433,8.872465980584696
2027-01-21,5.633123008692181,2.3815817461250517,8.88466427125931
2027-01-28,5.6635989058878495,2.4281968708463313,8.899000940929367
2027-02-04,5.442937842369367,2.6670214277865547,8.218854256952179
2027-02-11,5.406575455035126,2.8430267736579737,7.970124136412279
2027-02-18,5.384908016473869,2.8608858057503217,7.908930227197416
2027-02-25,5.4051965859202245,2.8923254270222305,7.918067744818218
2027-03-04,5.619792391822194,2.799716220356638,8.43986856328775
2027-03-11,5.58516270463501,2.7688734264034642,8.401451982866556
2027-03-18,5.5513663665789545,2.709305107101135,8.393427626056774
2027-03-25,5.485504481651503,2.616158673991238,8.354850289311768
2027-04-01,5.542349202865264,2.6061152866282815,8.478583119102247
2027-04-08,5.496539663108614,2.565831011230645,8.427248314986581
2027-04-15,5.569859543693806,2.582773726759823,8.556945360627788
2027-04-22,5.600626715989236,2.484919941603536,8.716333490374936
2027-04-29,5.610525866051175,2.4621531551925586,8.758898576909791
2027-05-06,5.598568391865868,2.222303407142453,8.974833376589283
2027-05-13,5.64516141664628,2.0877809659337188,9.20254186735884
2027-05-20,5.637422641307811,2.0818682576584067,9.192977024957216
2027-05-27,5.64217032060718,2.086188531372634,9.198152109841725
2027-06-03,6.902416659332234,-0.4230859938139391,14.227919312478406
2027-06-10,7.036610122978127,-0.42027168800756787,14.49349193396382
2027-06-17,7.068000595874391,-0.41819008874852415,14.554191280497307
2027-06-24,7.328569546690669,-0.28469166309713945,14.941830756478478
2027-07-01,6.871886084027257,0.09147475287498619,13.652297415179529
2027-07-08,6.796195427471065,0.11475223364709386,13.477638621295036
2027-07-15,6.7768964534597576,0.09058960564704055,13.463203301272475
2027-07-22,6.813510649992739,0.2143858596293695,13.412635440356109
2027-07-29,6.684487712960946,0.3004664015123586,13.068509024409533
2027-08-05,8.950738543862734,3.325858756075127,14.57561833165034
2027-08-12,9.56086684447675,3.8270894268977687,15.294644262055733
2027-08-19,9.616865765196998,3.9387972773641025,15.294934253029894
2027-08-26,9.645902716050724,4.01517520687099,15.276630225230459
2027-09-02,8.418290528060481,2.669875823775616,14.166705232345347
2027-09-09,8.357592810084446,2.6611431402640804,14.054042479904812
2027-09-16,8.330754248692505,2.605831455521308,14.055677041863703
2027-09-23,8.202462924664557,2.493187211065816,13.911738638263298
2027-09-30,8.195373775202711,2.502484589267442,13.888262961137979
2027-10-07,6.589506324490596,1.954369217512495,11.224643431468698
2027-10-14,6.154233604995415,2.5555618924799943,9.752905317510836
2027-10-21,6.155524774538444,2.6882764399184933,9.622773109158395
2027-10-28,6.0448049449816645,3.1841565050001566,8.905453384963172
2027-11-04,5.872351200957297,3.2204685564846325,8.524233845429961
2027-11-11,5.802783558430808,3.2256684556175417,8.379898661244074
2027-11-18,5.707674554216219,3.2328670838114077,8.182482024621029
2027-11-25,5.630687976384776,3.130255798975261,8.13112015379429
2027-12-02,5.966805413997909,1.9587346409561128,9.974876187039705
2027-12-09,5.924130660705347,1.8297297417686726,10.018531579642023
2027-12-16,5.851099648637646,1.727983029797576,9.974216267477717
2027-12-23,5.859351385303103,1.767610372917141,9.951092397689067
2027-12-30,5.868878492844621,1.770215576747006,9.967541408942235
2028-01-06,5.754945888010669,2.5467630741853515,8.963128701835986
2028-01-13,5.809898735754572,2.4487156696524393,9.171081801856705
2028-01-20,5.81236212051578,2.4696974117671786,9.155026829264381
2028-01-27,5.857916204259627,2.534535341939222,9.181297066580033
2028-02-03,5.648072499929018,2.799814913045681,8.496330086812355
2028-02-10,5.653827626760799,2.808520992065896,8.499134261455703
2028-02-17,5.651848983894469,2.8123739626645228,8.491324005124415
2028-02-24,5.6399234947517085,2.8218824282847823,8.457964561218635
2028-03-02,5.8593251768504055,2.8478747589528397,8.870775594747972
2028-03-09,5.860537465698653,2.841385688273556,8.87968924312375
2028-03-16,5.866550034793376,2.774771604352635,8.958328465234118
2028-03-23,5.805906720438997,2.6815939763239474,8.930219464554046
2028-03-30,5.7735886398940615,2.613609621581421,8.933567658206702
2028-04-06,5.8097844728573085,2.5515189090389296,9.068050036675688
2028-04-13,5.833294553043183,2.5345374317673524,9.132051674319014
2028-04-20,5.872445538918032,2.562196516932358,9.182694560903705
2028-04-27,5.90848512984056,2.5185404286031727,9.298429831077948
2028-05-04,5.894907581045669,2.2971184732645025,9.492696688826836
2028-05-11,5.83358673267431,2.236034739540972,9.431138725807648
2028-05-18,5.821577861410352,2.2246986964092663,9.418457026411438
2028-05-25,5.819616219952786,2.224715996830067,9.414516443075504
2028-06-01,7.089494825725165,-0.2899417633452268,14.468931414795556
2028-06-08,7.233446352420743,-0.24170069255490834,14.708593397396395
2028-06-15,7.4983072082340385,-0.05406917032873615,15.050683586796813
2028-06-22,7.764006862141916,0.11411756130048012,15.413896162983352
2028-06-29,7.8135173492183405,0.10836504990749773,15.518669648529183
2028-07-06,7.229082258923638,0.4846774026036904,13.973487115243586
2028-07-13,7.093585772343815,0.4350850535211457,13.752086491166484
2028-07-20,7.060631405054619,0.461619054360086,13.659643755749151
2028-07-27,7.1404929071579435,0.6150986345998648,13.665887179716023
2028-08-03,9.413916304130389,3.769621505323669,15.058211102937108
2028-08-10,9.729114474032096,3.9619001573311774,15.496328790733015
2028-08-17,9.795261953214961,4.120491015565159,15.470032890864763
2028-08-24,9.888365161687295,4.291359185081361,15.485371138293228
2028-08-31,9.891691490085012,4.294685513479078,15.488697466690947
2028-09-07,8.650926980430931,3.062475071993661,14.239378888868202
2028-09-14,8.632127392979385,3.038570553116447,14.225684232842323
2028-09-21,8.583357395835469,2.9365026406299073,14.23021215104103
2028-09-28,8.49912342340876,2.8842592402231357,14.113987606594383
2028-10-05,6.772481668337711,2.0903838232169507,11.454579513458473
2028-10-12,6.320372262558095,2.7480430096670427,9.892701515449147
2028-10-19,6.303707649495777,2.8839342849386527,9.723481014052902
2028-10-26,6.32068949622987,2.9561382281252575,9.685240764334484
2028-11-02,6.191423167445646,3.373880715692097,9.008965619199195
2028-11-09,6.130140560881752,3.446931255559095,8.813349866204408
2028-11-16,6.021178256093643,3.3848970897561874,8.6574594224311
2028-11-23,5.945156749734548,3.297646823338366,8.59266667613073
2028-11-30,5.881273315276534,3.2621840742363952,8.500362556316674
2028-12-07,6.078253374083681,2.025105100695016,10.131401647472345
2028-12-14,6.102743684963526,1.9685763178980205,10.236911052029033
2028-12-21,6.129816909107077,2.0023541491448738,10.25727966906928
2028-12-28,6.1679975486947365,1.9652176781029542,10.370777419286519
2029-01-04,5.990139902981676,2.7716075693458198,9.208672236617533
2029-01-11,5.978963713923752,2.671894007057854,9.28603342078965
2029-01-18,5.999304668814336,2.6848350931422678,9.313774244486403
2029-01-25,6.062310214666321,2.737006864640222,9.38761356469242
2029-02-01,5.911966737548326,2.853051796209414,8.970881678887238
2029-02-08,5.819629976736965,2.962159456493445,8.677100496980485
2029-02-15,5.8008004450025705,2.9600994882568177,8.641501401748323
2029-02-22,5.809438381381208,2.978325610181161,8.640551152581255
2029-03-01,6.037309377123194,2.9817842647513157,9.092834489495072
2029-03-08,6.124200440967012,2.9401172434487415,9.308283638485284
2029-03-15,6.140112741500206,2.8770732350766255,9.403152247923787
2029-03-22,6.1306236407881265,2.791931060101126,9.469316221475127
2029-03-29,6.069366011764731,2.6922910674925356,9.446440956036927
2029-04-05,6.097613354881678,2.632723380469049,9.562503329294307
2029-04-12,6.118329612703906,2.611893423846682,9.62476580156113
2029-04-19,6.1326584750657664,2.6244936837165267,9.640823266415007
2029-04-26,6.162805273099577,2.5872398931324514,9.738370653066703
2029-05-03,6.168867338523182,2.3849928986482607,9.952741778398103
2029-05-10,6.135798579847713,2.3566535800540156,9.914943579641411
2029-05-17,6.091467062610734,2.302117733269949,9.88081639195152
2029-05-24,6.095546875354699,2.3121682589921315,9.878925491717265
2029-05-31,6.107602377754777,2.3242167465195314,9.890988008990021
2029-06-07,7.409178943829552,0.005585112453103669,14.812772775206
2029-06-14,7.685369369588731,0.17595157343787537,15.194787165739587
2029-06-21,7.759718965359145,0.17532456387445716,15.344113366843832
2029-06-28,7.996745067801974,0.32519353424922226,15.668296601354726
2029-07-05,7.6973086977876655,0.6762773787018004,14.71834001687353
2029-07-12,7.312882712566264,0.6144338695702833,14.011331555562244
2029-07-19,7.307460384306358,0.6826686802715098,13.932252088341206
2029-07-26,7.347101340933533,0.7902284543730786,13.903974227493988
2029-08-02,9.586885380811696,3.942590582004976,15.231180179618416
2029-08-09,9.920985951692968,4.163570057661899,15.678401845724036
2029-08-16,9.965921252358788,4.253728560938477,15.678113943779099
2029-08-23,10.061334238368602,4.464328261762668,15.658340214974537
2029-08-30,10.06466056676632,4.467654590160385,15.661666543372252
2029-09-06,8.943716838220446,3.407503419673094,14.479930256767798
2029-09-13,8.924518173847304,3.4073598014688065,14.4416765462258
2029-09-20,8.910379361722246,3.3719177317047064,14.448840991739786
2029-09-27,8.863538048358922,3.307539893415356,14.419536203302489
2029-10-04,6.930279539679908,2.248287720137319,11.612271359222497
2029-10-11,6.535235622165162,2.8743579413591056,10.196113302971218
2029-10-18,6.490570609991475,2.98036938515865,10.0007718348243
2029-10-25,6.4937945801575525,3.1092334274197295,9.878355732895375
2029-11-01,6.448936449407059,3.5181449087652887,9.37972799004883
2029-11-08,6.425921229825574,3.567907975389313,9.283934484261836
2029-11-15,6.374211551939396,3.5061987295503827,9.24222437432841
2029-11-22,6.318064530376019,3.4549647801267933,9.181164280625245
2029-11-29,6.34239265682934,3.465660641780313,9.219124671878365
2029-12-06,6.521370729321648,2.3860107940119306,10.656730664631365
2029-12-13,6.419861858028205,2.198711272064016,10.641012443992395
2029-12-20,6.414810305839024,2.195181247915591,10.634439363762457
2029-12-27,6.425698903190799,2.231887977340268,10.61950982904133
2030-01-03,6.281561769860934,2.8751993751913365,9.687924164530532
2030-01-10,6.339457821707472,2.7673801845804946,9.91153545883445
2030-01-17,6.345597346939875,2.7795362039359794,9.91165848994377
2030-01-24,6.3649624766930115,2.8402761418435705,9.889648811542452
2030-01-31,6.415889347410237,2.8643655937396937,9.967413101080782
2030-02-07,6.174934950425399,2.9034149188803053,9.446454981970493
2030-02-14,6.175383361212782,2.938049677805436,9.412717044620129
2030-02-21,6.109975622070779,3.0000791726415392,9.219872071500019
2030-02-28,6.105019340628256,3.0065920886298976,9.203446592626614
2030-03-07,6.32567442908887,3.052376984005146,9.598971874172593
2030-03-14,6.316259097406628,3.0174547376483596,9.615063457164897
2030-03-21,6.2773710166013945,2.945139853089158,9.609602180113631
2030-03-28,6.239673048850424,2.8810596977362084,9.598286399964639
2030-04-04,6.276282942658064,2.7973294784271925,9.755236406888935
2030-04-11,6.287756483947846,2.7951885115655872,9.780324456330105
2030-04-18,6.288939004813555,2.784029511031683,9.793848498595427
2030-04-25,6.336882514932533,2.7699340674758153,9.90383096238925
2030-05-02,6.347673621749092,2.5400503610603016,10.15529688243788
2030-05-09,6.322367312968293,2.5208423558191533,10.123892270117432
2030-05-16,6.358973546121887,2.3907551191591283,10.327191973084645
2030-05-23,6.3556722630260865,2.378553793113879,10.332790732938294
2030-05-30,6.360944240073329,2.3840529288952736,10.337835551251384
2030-06-06,7.758076075028264,0.26352200466983344,15.252630145386693
2030-06-13,8.052296386536888,0.47805098136808777,15.626541791705687
2030-06-20,8.574542697433252,0.7903156630498209,16.358769731816682
2030-06-27,8.532250398869202,0.745401733525151,16.319099064213255
2030-07-04,7.892746794772205,0.8634049806221649,14.922088608922245
2030-07-11,7.804750772704638,0.8518672461480996,14.757634299261177
2030-07-18,7.612802247928279,0.842880073564789,14.38272442229177
2030-07-25,7.5647755330199615,0.9540625807020504,14.175488485337873
2030-08-01,9.862143478684672,4.393551789286458,15.330735168082885
2030-08-08,10.151299783684207,4.606928197803484,15.69567136956493
2030-08-15,10.196235084350029,4.700506624775747,15.69196354392431
2030-08-22,10.291648070359843,4.919517274629856,15.66377886608983
2030-08-29,10.29497439875756,4.922843603027573,15.667105194487547
2030-09-05,9.157397317319264,3.6707720562274258,14.644022578411102
2030-09-12,9.138198652946123,3.670156962816362,14.606240343075884
2030-09-19,9.124059840821065,3.6340267230010106,14.61409295864112
2030-09-26,9.077218527457742,3.5680703142595496,14.586366740655933
2030-10-03,7.194474413094846,2.3893675703578703,11.99958125583182
2030-10-10,6.731199420449931,3.0774821739695524,10.384916666930309
2030-10-17,6.706219915280796,3.2034900713775203,10.208949759184073
2030-10-24,6.702487092320167,3.306962979186753,10.09801120545358
2030-10-31,6.580161369925205,3.804043053416569,9.35627968643384
2030-11-07,6.733484155085669,3.8467165379403783,9.620251772230962
2030-11-14,6.752992475419526,3.7901158763156313,9.71586907452342
2030-11-21,6.692954170922079,3.7615072947418295,9.624401047102328
2030-11-28,6.705049230848155,3.762350385263979,9.64774807643233
2030-12-05,6.817079306403971,2.640638497919457,10.993520114888486
2030-12-12,6.6867199891192595,2.415941326716778,10.95749865152174
2030-12-19,6.6857552620457685,2.414376369687986,10.957134154403551
2030-12-26,6.696643859397545,2.4514388347590392,10.941848884036052
2031-01-02,6.501631311630669,3.0017832048810082,10.001479418380331
2031-01-09,6.553425426501774,2.9118332806704585,10.19501757233309
2031-01-16,6.5653111613499675,2.9329057344020293,10.197716588297906
2031-01-23,6.590709281407463,2.9734159034891086,10.208002659325818
2031-01-30,6.613433068495881,3.041503415193724,10.185362721798038
2031-02-06,6.417374999674964,3.0322843257220997,9.802465673627829
2031-02-13,6.396549461993205,3.0514675674396057,9.741631356546804
2031-02-20,6.362495207586233,3.110268382199364,9.614722032973102
2031-02-27,6.377902270754273,3.132152258342029,9.623652283166518
2031-03-06,6.581216865166446,3.166042174538875,9.996391555794018
2031-03-13,6.579922998557315,3.1591304395682918,10.000715557546338
2031-03-20,6.547154050508634,3.0928097504690784,10.00149835054819
2031-03-27,6.545112846379707,2.9582460158638813,10.131979676895533
2031-04-03,6.563143499960231,2.839486459544344,10.286800540376117
2031-04-10,6.570020876780464,2.8330397758015122,10.307001977759416
2031-04-17,6.6028736283639144,2.8152094375309655,10.390537819196863
2031-04-24,6.635259849434289,2.8000493879875274,10.47047031088105
2031-05-01,6.657180399295353,2.5809822898757817,10.733378508714924
2031-05-08,6.634020240196117,2.5603212470595853,10.707719233332648
2031-05-15,6.5811415348244,2.491348884377306,10.670934185271493
2031-05-22,6.596214694469879,2.5119594490205968,10.68046993991916
2031-05-29,6.601486671517121,2.517576297120983,10.685397045913259
2031-06-05,7.925138426583142,0.5358576243421576,15.314419228824125
2031-06-12,8.559651483523773,0.9698927502911996,16.149410216756344
2031-06-19,8.62847407808881,0.8949389757369719,16.36200918044065
2031-06-26,8.60531145141513,0.8641658675706365,16.346457035259622
2031-07-03,8.085232552951146,1.024926558849799,15.145538547052492
2031-07-10,8.072676519418264,0.9998444780818136,15.145508560754715
2031-07-17,8.075432310324622,1.0460884878166716,15.104776132832573
2031-07-24,8.09911628480872,1.0914996114628615,15.106732958154577
2031-07-31,8.139231541817624,1.2074635758032537,15.070999507831996
2031-08-07,10.351166410746696,4.859777813235585,15.842555008257808
2031-08-14,10.357320172225897,4.848920085282224,15.86572025916957
2031-08-21,10.46461714704115,5.0924863513111625,15.836747942771137
2031-08-28,10.467943475438867,5.09581267970888,15.840074271168854
2031-09-04,9.686844497464783,4.220450875880246,15.15323811904932
2031-09-11,9.667645833091644,4.214245432363443,15.121046233819845
2031-09-18,9.6593529574745,4.1881554561373004,15.1305504588117
2031-09-25,9.611675676791865,4.11038138623147,15.11296996735226
2031-10-02,7.369602830612284,2.569228508437675,12.169977152786894
2031-10-09,6.973249418383929,3.094807942657547,10.851690894110313
2031-10-16,6.924412337172053,3.3036208254425095,10.545203848901597
2031-10-23,6.932347201764648,3.416220574984417,10.448473828544879
2031-10-30,6.919832250100709,3.5189278412382485,10.320736658963169
2031-11-06,7.137561968735671,3.770823974709173,10.504299962762168
2031-11-13,7.167851016284265,3.7705670488001934,10.565134983768337
2031-11-20,7.159193904781039,3.66207255659748,10.656315252964598
2031-11-27,7.172765486484225,3.670163407478768,10.675367565489683
2031-12-04,7.1958499455692895,2.684147691564692,11.707552199573886
2031-12-11,7.085731819701954,2.443888773900812,11.727574865503097
2031-12-18,6.994893253277231,2.4050749893683525,11.584711517186111
2031-12-25,7.005781850629007,2.4411780331300115,11.570385668128003
2032-01-01,6.843104708628119,2.8022108378647532,10.883998579391484
2032-01-08,6.857045072827072,2.7389355356559895,10.975154609998153
2032-01-15,6.881571421567295,2.7633439379250255,10.999798905209564
2032-01-22,6.836930036440744,2.9597912888566134,10.714068784024875
2032-01-29,6.809888041591261,3.1244811686182996,10.495294914564223
2032-02-05,6.58071480022127,3.1748483612089893,9.986581239233551
2032-02-12,6.591537032959076,3.209520763204343,9.973553302713809
2032-02-19,6.5947233913643295,3.2159251464283187,9.97352163630034
2032-02-26,6.611479144468552,3.2369644504769637,9.98599383846014
2032-03-04,6.8050763091836854,3.2709112282678725,10.339241390099499
2032-03-11,6.789197338168273,3.230734470872392,10.347660205464154
2032-03-18,6.769346957013279,3.1867378974055662,10.351956016620992
2032-03-25,6.7102788845492745,3.1004677531919342,10.320090015906615
2032-04-01,6.726224133415059,2.9623806219366227,10.490067644893495
2032-04-08,6.728526347332782,2.962448331930444,10.494604362735119
2032-04-15,6.7659542618187425,2.9384473311985846,10.5934611924389
2032-04-22,6.798340482889117,2.9234912745869694,10.673189691191265
2032-04-29,6.860359886581924,2.8666527281645715,10.854067044999276
2032-05-06,6.856953228796545,2.7333793232163854,10.980527134376704
2032-05-13,6.784952520066864,2.6429513948156362,10.926953645318092
2032-05-20,6.7569617772300905,2.667165561563607,10.846757992896574
2032-05-27,6.762233754277334,2.67275960396935,10.851707904585318
2032-06-03,8.10575372481503,0.7497919986469608,15.461715450983098
2032-06-10,8.814782797501191,1.1616851319615655,16.467880463040817
2032-06-17,8.801696913625173,1.0759180188510564,16.52747580839929
2032-06-24,8.768855314447581,1.045849125983465,16.491861502911696
2032-07-01,8.252183124953854,1.1872582196957557,15.317108030211951
2032-07-08,8.239627091420973,1.1622361986348446,15.317017984207101
2032-07-15,8.257707446160119,1.2079805560341512,15.307434336286086
2032-07-22,8.263579148201355,1.2479668824885444,15.279191413914166
2032-07-29,8.306182113820332,1.3695740051868155,15.242790222453849
2032-08-05,10.520459822404845,5.024560048740167,16.016359596069524
2032-08-12,10.530289248907202,5.021889161963529,16.038689335850876
2032-08-19,10.637586223722455,5.2654554279924675,16.00971701945244
2032-08-26,10.640912552120174,5.268781756390187,16.01304334785016
2032-09-02,9.96067936066098,4.6254473057126875,15.295911415609272
2032-09-09,9.951987408122243,4.6243587754551605,15.279616040789325
2032-09-16,9.924905075235714,4.591875055881578,15.257935094589849
2032-09-23,9.877227794553079,4.509944816882677,15.244510772223482
2032-09-30,9.880554122950798,4.513271145280396,15.2478371006212
2032-10-07,7.556535662559904,2.8223594691599896,12.290711855959819
2032-10-14,7.203766885542144,3.3652546137937405,11.042279157290547
2032-10-21,7.144938900046378,3.583293540484839,10.706584259607917
2032-10-28,7.1444501432493865,3.644980327662519,10.643919958836253
2032-11-04,7.411846138393649,3.9463111965326987,10.8773810802546
2032-11-11,7.42876699411066,3.965534796296036,10.891999191925283
2032-11-18,7.400971424083417,3.9340764890444446,10.867866359122388
2032-11-25,7.399098773840086,3.9296006929984912,10.86859685468168
2032-12-02,7.392849135815745,2.9027060825707967,11.882992189060694
2032-12-09,7.305706106423875,2.6841045902961627,11.927307622551588
2032-12-16,7.251234184093759,2.5997113115454216,11.902757056642097
2032-12-23,7.2609419991995425,2.6392039247736214,11.882680073625464
2032-12-30,7.2759798677767105,2.6208251537166385,11.931134581836783
2033-01-06,7.121872772264673,2.9907074109777207,11.253038133551627
2033-01-13,7.113494430074573,2.9295404744874887,11.297448385661657
2033-01-20,7.124216786720242,2.9550167297638588,11.293416843676626
2033-01-27,7.16688428820043,3.0270921475937627,11.306676428807098
2033-02-03,6.9690751319632485,2.9843962901477386,10.953753973778758
2033-02-10,6.930271884155493,2.9583218584365922,10.902221909874394
2033-02-17,6.927420110377325,2.9541648453699985,10.900675375384651
2033-02-24,6.92194025293173,2.9985549735356054,10.845325532327855
2033-03-03,7.142188757068448,3.1102940609959173,11.174083453140979
2033-03-10,7.161752431322467,3.111478341145146,11.212026521499789
2033-03-17,7.160672832328314,3.012967441767012,11.308378222889615
2033-03-24,7.104973735228213,2.9274397541648307,11.282507716291594
2033-03-31,7.073803788219583,2.836431916798494,11.311175659640671
2033-04-07,7.090984991582479,2.7837005286284686,11.39826945453649
2033-04-14,7.1237887496142545,2.764053190935252,11.483524308293257
2033-04-21,7.1563461665905,2.7964795019126907,11.516212831268309
2033-04-28,7.201679866351406,2.790980210744145,11.612379521958667
2033-05-05,7.195727455714326,2.62464355106067,11.766811360367981
2033-05-12,7.123907817223681,2.5347390609498746,11.713076573497487
2033-05-19,7.108880054193832,2.520546904702525,11.697213203685138
2033-05-26,7.111948023894991,2.523298075967987,11.700597971821995
2033-06-02,8.518941340897051,1.0925443730232836,15.945338308770818
2033-06-09,9.014340764740009,1.3934634427654036,16.635218086714616
2033-06-16,9.046475737532006,1.408627504214241,16.68432397084977
2033-06-23,9.028679238191684,1.2968419011837273,16.760516575199638
2033-06-30,8.987064173916906,1.2851402391942894,16.68898810863952
2033-07-07,8.510943699543448,1.4236933528658495,15.598194046221046
2033-07-14,8.403129205918376,1.2985502525203012,15.50770815931645
2033-07-21,8.431869997808052,1.3789261386533083,15.484813856962795
2033-07-28,8.499325072385354,1.5282578883488807,15.470392256421826
2033-08-04,10.708753462918942,5.216908881456282,16.2005980443816
2033-08-11,10.768737333537118,5.308675070343593,16.228799596730642
2033-08-18,10.815982411740414,5.447929523135818,16.18403530034501
2033-08-25,10.813881628801479,5.441750833071492,16.186012424531466
2033-09-01,10.246181348970124,4.9539812074664,15.538381490473848
2033-09-08,10.18548363099409,4.91294539756796,15.458021864420221
2033-09-15,10.158401298107561,4.879065821697943,15.43773677451718
2033-09-22,10.122680244092646,4.804618146251275,15.440742341934016
2033-09-29,10.114050345822644,4.797884502231985,15.430216189413304
2033-10-06,7.7417363232494525,2.98369296055019,12.499779685948715
2033-10-13,7.474552621595119,3.3853294091251094,11.563775834065128
2033-10-20,7.312072854569602,3.759522297284028,10.864623411855177
2033-10-27,7.318693438991499,3.823164642256629,10.814222235726369
2033-11-03,7.693330355392055,4.195332739294061,11.191327971490049
2033-11-10,7.718171503413153,4.185665748198449,11.250677258627857
2033-11-17,7.688036594034817,4.155511139567784,11.22056204850185
2033-11-24,7.700783877718115,4.120442037547132,11.281125717889097
2033-12-01,7.581591357154133,3.0720447860693367,12.091137928238929
2033-12-08,7.495545952789303,2.9081520931389093,12.082939812439697
2033-12-15,7.444203289619361,2.8052338716376664,12.083172707601056
2033-12-22,7.443693823113113,2.863565485909981,12.023822160316247
2033-12-29,7.459270000798401,2.846952651706572,12.07158734989023
2034-01-05,7.309234977995892,3.1744726097543765,11.443997346237408
2034-01-12,7.35525293894395,3.0960434036432556,11.614462474244645
2034-01-19,7.365127129700505,3.119119913474065,11.611134345926946
2034-01-26,7.40607734342621,3.1890723171936317,11.623082369658789
2034-02-02,7.145068376180225,3.1408268815743483,11.149309870786102
2034-02-09,7.138118760110297,3.144693322318798,11.131544197901796
2034-02-16,7.136396144973757,3.1422295843111203,11.130562705636393
2034-02-23,7.1365202186810635,3.152162051706548,11.12087838565558
2034-03-02,7.342063611107836,3.255641985183556,11.428485237032117
2034-03-09,7.348419584876622,3.25302898939535,11.443810180357893
2034-03-16,7.346990392897888,3.1989311624980985,11.495049623297678
2034-03-23,7.296839258257114,3.1182250034186367,11.47545351309559
2034-03-30,7.262627602335159,3.013718276280917,11.5115369283894
2034-04-06,7.281224382098239,2.9605708250451634,11.601877939151315
2034-04-13,7.304737839696345,2.9361094357752506,11.673366243617439
2034-04-20,7.331214837953039,2.9671142866084335,11.695315389297644
2034-04-27,7.3759588401912275,2.962032429415567,11.789885250966888
2034-05-04,7.3902027285456064,2.821081479884242,11.95932397720697
2034-05-11,7.321050042796073,2.7407094304371302,11.901390655155016
2034-05-18,7.304058102872907,2.7120253372916583,11.896090868454156
2034-05-25,7.2989730433418405,2.7147588345912874,11.883187252092394
2034-06-01,8.758138532698478,1.351347902589092,16.164929162807866
2034-06-08,9.196988813925227,1.565963976241008,16.828013651609446
2034-06-15,9.219444814213311,1.5815965808955461,16.857293047531076
2034-06-22,9.201648314872989,1.4698109778650323,16.933485651880943
2034-06-29,9.256315027361298,1.5598938887391967,16.9527361659834
2034-07-06,8.688179229361763,1.586986249051976,15.789372209671551
2034-07-13,8.673797498219285,1.5266901066999816,15.820904889738589
2034-07-20,8.609105527626367,1.541952532350769,15.676258522901964
2034-07-27,8.66746113283537,1.6743807739844305,15.66054149168631
2034-08-03,10.881722539600249,5.389877958137589,16.37356712106291
2034-08-10,10.941706410218424,5.4816441470249,16.40176867341195
2034-08-17,10.979494616633694,5.586797543447611,16.37219168981978
2034-08-24,10.986850705482787,5.6147199097528,16.358981501212774
2034-08-31,10.990177033880503,5.618046238150516,16.36230782961049
2034-09-07,10.38124726360059,5.107599868330011,15.65489465887117
2034-09-14,10.365784134728923,5.104769359010631,15.626798910447214
2034-09-21,10.329394072101763,5.030539901032054,15.628248243171473
2034-09-28,10.309813978429144,4.991207501917894,15.628420454940393
2034-10-05,7.912602093892536,3.149659773363191,12.675544414421882
2034-10-12,7.874140330694128,3.3984196055802167,12.349861055808038
2034-10-19,7.858285353415539,3.4712143569712692,12.245356349859808
2034-10-26,7.809334218575396,3.6137278201539926,12.004940616996798
2034-11-02,8.032510446070912,4.174175088673794,11.89084580346803
2034-11-09,8.306050453362724,3.9376032553611537,12.674497651364295
2034-11-16,8.295339069625602,3.907645901062038,12.683032238189165
2034-11-23,8.285570178564736,3.900983615841988,12.670156741287485
2034-11-30,8.301501799105303,3.9243912681973017,12.678612330013305
2034-12-07,8.140863216629784,2.9061054130315904,13.375621020227978
2034-12-14,8.070834696013966,2.760742628778898,13.380926763249034
2034-12-21,8.072148265174965,2.764497771782837,13.379798758567093
2034-12-28,8.078501654448722,2.7812151257151827,13.375788183182262
2035-01-04,7.9578574011426335,2.9385274919858952,12.977187310299371
2035-01-11,7.943572478475625,3.026170103264124,12.860974853687125
2035-01-18,7.952040513562874,3.045233334895409,12.85884769223034
2035-01-25,7.9681406620500335,3.0795889074975964,12.85669241660247
2035-02-01,7.7756461956458836,2.798659815505787,12.75263257578598
2035-02-08,7.463691279583563,3.113740651930878,11.81364190723625
2035-02-15,7.348523091295197,3.2575417204791544,11.439504462111241
2035-02-22,7.3366363283931015,3.30537740387933,11.367895252906873
2035-03-01,7.519435853020828,3.4199329676937404,11.618938738347914
2035-03-08,7.52144924990612,3.4216050590162137,11.621293440796027
2035-03-15,7.508293105110268,3.395532894004278,11.621053316216258
2035-03-22,7.489307328767469,3.3117357975917647,11.666878859943175
2035-03-29,7.446327792093773,3.187489899314544,11.705165684873002
2035-04-05,7.464017365415005,3.136099262376158,11.791935468453852
2035-04-12,7.487820307295657,3.1114429599673565,11.864197654623958
2035-04-19,7.501448967199822,3.126640763437453,11.876257170962191
2035-04-26,7.538103132867679,3.1229835371365837,11.953222728598774
2035-05-03,7.5679559356628054,3.0028249133402616,12.133086957985348
2035-05-10,7.534592334480601,2.9621342864148987,12.107050382546305
2035-05-17,7.481811309990106,2.8933771352548145,12.070245484725397
2035-05-24,7.485137638387823,2.896703463652532,12.073571813123115
2035-05-31,7.490409615435066,2.902598010284456,12.078221220585675
2035-06-07,8.944367683803264,1.561381244429036,16.327354123177493
2035-06-14,9.385376342041365,1.7572707910309244,17.013481893051804
2035-06-21,9.352255278868252,1.639946996078617,17.064563561657888
2035-06-28,9.325964778426266,1.6339345648307706,17.017994992021762
2035-07-05,8.86114830604307,1.7599553257332827,15.962341286352856
2035-07-12,8.851597114303447,1.715223545925686,15.987970682681208
2035-07-19,8.875507366790266,1.7810699781077366,15.969944755472795
2035-07-26,8.842588841801437,1.8392932190113083,15.845884464591565
2035-08-02,11.054691616281556,5.562847034818896,16.546536197744217
2035-08-09,11.114675486899731,5.654613223706207,16.574737750093256
2035-08-16,11.144286223732761,5.731251340390316,16.557321107075207
2035-08-23,11.159819782164092,5.787688986434105,16.53195057789408
2035-08-30,11.163146110561811,5.791015314831824,16.5352769062918
2035-09-06,10.65986505622994,5.5227568167107846,15.796973295749094
2035-09-13,10.632383646421818,5.513244773925686,15.751522518917952
2035-09-20,10.61824483429676,5.467461390890697,15.769028277702823
2035-09-27,10.57641349012204,5.39375675231796,15.75907022792612
2035-10-04,8.099273108733865,3.3499753582690968,12.848570859198633
2035-10-11,8.148347554608499,3.495295371329374,12.801399737887625
2035-10-18,8.15734260397567,3.542596005930376,12.772089202020963
2035-10-25,8.108391469135526,3.669556978363895,12.547225959907157
2035-11-01,8.487801476624234,4.05754412547322,12.918058827775248
2035-11-08,8.502386281642096,4.079916044684832,12.92485651859936
2035-11-15,8.50620414305425,4.065306363345726,12.947101922762773
2035-11-22,8.499196962719523,4.031718803939365,12.96667512149968
2035-11-29,8.516251502505256,4.05669524975062,12.975807755259892
2035-12-06,8.312146948381889,3.085522210993206,13.538771685770572
2035-12-13,8.23405233234021,2.9209376034498735,13.547167061230548
2035-12-20,8.224462206164102,2.9403934769821936,13.508530935346009
2035-12-27,8.231303812915403,2.9592070769717207,13.503400548859085
2036-01-03,8.146705723917377,3.142503224553792,13.150908223280961
2036-01-10,8.195619356198492,3.1032688408734472,13.287969871523536
2036-01-17,8.203995864596282,3.1219170801561162,13.286074649036447
2036-01-24,8.219681320252949,3.1551950938618356,13.284167546644063
2036-01-31,8.258241533036143,3.193971159317493,13.322511906754794
2036-02-07,7.949184758751974,2.978186942941999,12.920182574561949
2036-02-14,7.867742794307273,3.1029730521170737,12.632512536497472
2036-02-21,7.839736193535465,3.1259484696884323,12.553523917382499
2036-02-28,7.858489671946623,3.152111519151405,12.564867824741842
2036-03-06,8.019525036253526,3.259903323909537,12.779146748597515
2036-03-13,8.124329840022508,3.1087898978829687,13.139869782162048
2036-03-20,8.103075279967408,3.0296355251497156,13.176515034785101
2036-03-27,8.067975298217991,2.924545440018683,13.2114051564173
2036-04-03,8.078309396514832,2.8674024244803924,13.289216368549273
2036-04-10,8.079561302971339,2.8651984111266877,13.29392419481599
2036-04-17,8.108087460544596,2.8662582062114534,13.349916714877738
2036-04-24,8.127752802223297,2.861554058640823,13.39395154580577
2036-05-01,8.168427088043005,2.7953022593140835,13.541551916771926
2036-05-08,8.14232895476841,2.7568952332649896,13.527762676271829
2036-05-15,8.097248631738806,2.6804168524275953,13.514080411050017
2036-05-22,8.09745171639821,2.6769868875050538,13.517916545291365
2036-05-29,8.10298205214201,2.6840041867386475,13.521959917545374
2036-06-05,9.555019090324954,1.9269135393145138,17.183124641335397
2036-06-12,9.573669982555462,1.9359059767068585,17.211433988404064
2036-06-19,9.550905126175532,1.8497834798145982,17.252026772536468
2036-06-26,9.595215631870659,1.9083566572622805,17.282074606479036
2036-07-03,9.034117382724375,1.9329244024145877,16.13531036303416
2036-07-10,9.028375137220943,1.901975105479143,16.154775168962743
2036-07-17,9.048476443471573,1.9540390547890434,16.142913832154104
2036-07-24,9.09344570143272,2.0468725904439777,16.140018812421463
2036-07-31,9.11172741974701,2.1357302080545386,16.08772463143948
2036-08-07,11.287644563581038,5.827582300387514,16.74770682677456
2036-08-14,11.317255300414068,5.904220417071623,16.730290183756512
2036-08-21,11.3327888588454,5.960658063115414,16.704919654575388
2036-08-28,11.336115187243117,5.963984391513129,16.708245982973104
2036-09-04,10.806116012059407,5.676769684558684,15.93546233956013
2036-09-11,10.778634602251284,5.667903612873176,15.889365591629392
2036-09-18,10.764495790126226,5.622417098091825,15.906574482160627
2036-09-25,10.722664445951507,5.549554737177903,15.89577415472511
2036-10-02,8.29194836574137,3.5379868197598485,13.045909911722891
2036-10-09,8.316589713050336,3.637021194041136,12.996158232059535
2036-10-16,8.36240322158594,3.7175513710987467,13.007255072073132
2036-10-23,8.295809215636831,3.844576079516827,12.747042351756836
2036-10-30,8.29864560483466,3.896962026872991,12.700329182796327
2036-11-06,8.700427048108054,4.288937153987485,13.111916942228623
2036-11-13,8.722170291688752,4.2672239607364615,13.17711662264104
2036-11-20,8.700358022293443,4.245047182309461,13.155668862277425
2036-11-27,8.717191482546825,4.269864074347138,13.164518890746512
2036-12-04,8.446439520482635,3.2700260409799853,13.622852999985284
2036-12-11,8.351957287866995,3.074517702225621,13.62939687350837
2036-12-18,8.352782639550451,3.0763053162871943,13.629259962813709
2036-12-25,8.35962424630175,3.095021649895031,13.62422684270847
2037-01-01,8.320983354969021,3.314467661726783,13.327499048211259
2037-01-08,8.369251076039232,3.273463036768372,13.465039115310091
2037-01-15,8.378273495647925,3.2939670139471646,13.462579977348685
2037-01-22,8.39001941363704,3.3158939970960004,13.464144830178078
2037-01-29,8.412830463866996,3.3601108272017832,13.465550100532209
2037-02-05,8.120264796826547,3.187909335265922,13.052620258387172
2037-02-12,8.12026835627482,3.1868942615346407,13.053642451015001
2037-02-19,8.122868417489054,3.1912379334328786,13.054498901545228
2037-02-26,8.139624170593276,3.2178405107996815,13.06140783038687
2037-03-05,8.300723588022175,3.2949171934675725,13.306529982576777
2037-03-12,8.291397752901496,3.277368586099752,13.30542691970324
2037-03-19,8.284775020802838,3.216240493475902,13.353309548129776
2037-03-26,8.23470529373816,3.123777019328066,13.345633568148255
2037-04-02,8.245574703704687,3.0281481926939717,13.463001214715401
2037-04-09,8.24787691762241,3.0283473581258527,13.467406477118967
2037-04-16,8.275352767734452,3.026945839192231,13.523759696276674
2037-04-23,8.296251307306896,3.0240234779928645,13.568479136620928
2037-04-30,8.34730636034084,3.0089606666096547,13.685652054072024
2037-05-07,8.352614117265277,2.97449609802333,13.730732136507225
2037-05-14,8.284798651406064,2.8634655505188684,13.70613175229326
2037-05-21,8.285001736065468,2.860006351885211,13.709997120245724
2037-05-28,8.290532071809269,2.8670451720701093,13.714018971548427
2037-06-04,9.732076268815797,2.1133310090075916,17.350821528624003
2037-06-11,9.750727161046305,2.1223431443938265,17.379111177698782
2037-06-18,9.82424408142946,2.140401344000731,17.50808681885819
2037-06-25,9.772272810361502,2.094764307760167,17.449781312962834
2037-07-02,9.218975040896368,2.1175549531642925,16.32039512862844
2037-07-09,9.206419007363486,2.0917510911309734,16.321086923596
2037-07-16,9.226520313614117,2.1439141590653,16.309126468162933
2037-07-23,9.247716579488143,2.1844279297315,16.311005229244785
2037-07-30,9.290394931442835,2.308103095865163,16.272686767020506
2037-08-06,11.459175337995902,6.0500828804109,16.868267795580902
2037-08-13,11.453680200665469,6.027434866666103,16.879925534664835
2037-08-20,11.481097747902242,6.108871781567252,16.85332371423723
2037-08-27,11.484424076299959,6.11219810996497,16.856650042634946
2037-09-03,10.982966015092206,5.876386116328732,16.08954591385568
2037-09-10,10.97427406255347,5.874243197212532,16.074304927894406
2037-09-17,10.94719172966694,5.837993755510284,16.056389703823598
2037-09-24,10.899514448984304,5.748707281173739,16.050321616794868
2037-10-01,8.5362928258934,3.7793827804456974,13.293202871341101
2037-10-08,8.549567049489431,3.85523803898798,13.243896059990881
2037-10-15,8.605099749421854,3.9606555080220147,13.249543990821692
2037-10-22,8.61646030573042,4.014448806529323,13.218471804931518
2037-10-29,8.544361439815672,4.090352431649816,12.998370447981529
2037-11-05,9.008970998307614,4.575437832439068,13.44250416417616
2037-11-12,9.022105609722406,4.596083766984246,13.448127452460565
2037-11-19,8.998680778524864,4.564603088525605,13.432758468524124
2037-11-26,9.006773985061443,4.575395360353253,13.438152609769633
2037-12-03,8.698362414603663,3.520123900064652,13.876600929142674
2037-12-10,8.550581534548478,3.379116875451702,13.722046193645253
2037-12-17,8.52157008957322,3.3165251317179756,13.726615047428465
2037-12-24,8.527230914078528,3.3377693920794833,13.716692436077572
2037-12-31,8.542268782655697,3.3264572401078834,13.75808032520351
2038-01-07,8.504476246227897,3.5393496382982956,13.469602854157499
2038-01-14,8.55604392278149,3.5077269862799234,13.604360859283055
2038-01-21,8.571967174650856,3.541900900452453,13.602033448849259
2038-01-28,8.588629492326225,3.5756643645436395,13.601594620108811
2038-02-04,8.27976369827007,3.3081872732110913,13.251340123329049
2038-02-11,8.283090026667788,3.3115136016088087,13.254666451726766
2038-02-18,8.279651955698599,3.3043409102655517,13.254963001131646
2038-02-25,8.28379850820401,3.356223210733636,13.211373805674384
2038-03-04,8.467293233323224,3.45196468453019,13.482621782116258
2038-03-11,8.4687905348402,3.454738994106953,13.482842075573448
2038-03-18,8.45438325842974,3.3807286812825854,13.528037835576894
2038-03-25,8.42052149364608,3.274829246145128,13.566213741147031
2038-04-01,8.444734731622699,3.21043145512321,13.679038008122188
2038-04-08,8.440094261137677,3.195428981265966,13.684759541009388
2038-04-15,8.466836140954166,3.192621388358967,13.741050893549366
2038-04-22,8.490960881017868,3.196507792813861,13.785413969221874
2038-04-29,8.50574476389583,3.206867174694205,13.804622353097455
2038-05-06,8.572003971179017,3.1884238973665857,13.955584044991447
2038-05-13,8.504188505319803,3.0750995381360395,13.933277472503566
2038-05-20,8.504391589979207,3.0715430482221997,13.937240131736214
2038-05-27,8.50992192572301,3.0786520530853485,13.94119179836067
2038-06-03,9.953820057076602,2.3514607530771325,17.55617936107607
2038-06-10,9.957146385474319,2.35478708147485,17.559505689473788
2038-06-17,10.056754490635122,2.4654197893363943,17.64808919193385
2038-06-24,10.02363342746201,2.3449725646704858,17.702294290253533
2038-07-01,9.391944117577676,2.290524029845601,16.493364205309753
2038-07-08,9.379388084044795,2.264720167812282,16.494056000277308
2038-07-15,9.373945633344782,2.2328339345223185,16.515057332167245
2038-07-22,9.42068565616945,2.357397006412807,16.483974305926093
2038-07-29,9.463364008124142,2.4810721725464697,16.445655843701815
2038-08-05,11.632144414677208,6.223051957092207,17.04123687226221
2038-08-12,11.626649277346775,6.20040394334741,17.05289461134614
2038-08-19,11.654066824583548,6.281840858248559,17.02629279091854
2038-08-26,11.657393152981264,6.285167186646275,17.02961911931625
2038-09-02,11.27995304475195,6.122357428319025,16.437548661184877
2038-09-09,11.219255326775915,6.073914731444251,16.36459592210758
2038-09-16,11.192172993889388,6.0361140744617,16.348231913317075
2038-09-23,11.144495713206751,5.944488635874673,16.34450279053883
2038-09-30,11.14782204160447,5.947814964272392,16.34782911893655
2038-10-07,8.770499629802009,4.0983221322781604,13.442677127325858
2038-10-14,8.821170160286687,4.203893882307335,13.438446438266041
2038-10-21,8.824764459631714,4.241729938310342,13.407798980953086
2038-10-28,8.842361721630269,4.268460672309278,13.41626277095126
2038-11-04,9.331813862173334,4.971457535711083,13.692170188635586
2038-11-11,9.343929181895058,4.991127460243704,13.696730903546413
2038-11-18,9.38624675124088,4.924067525814362,13.848425976667396
2038-11-25,9.390191310981207,4.923679555615131,13.856703066347283
2038-12-02,8.92683994797401,3.770135570251525,14.083544325696494
2038-12-09,8.843913159425714,3.5637179546023727,14.124108364249055
2038-12-16,8.815473356860512,3.5006994478639983,14.130247265857026
2038-12-23,8.823299859944669,3.5298690631200333,14.116730656769304
2038-12-30,8.76306470484625,3.5665834438742303,13.959545965818272
2039-01-06,8.710070307033115,3.756357842768759,13.663782771297472
2039-01-13,8.761637983586708,3.7257471533065445,13.79752881386687
2039-01-20,8.769989811753792,3.7439712285225024,13.796008394985082
2039-01-27,8.789869322633399,3.7815782965100295,13.798160348756767
2039-02-03,8.472370363618078,3.5249901309099334,13.419750596326221
2039-02-10,8.474953006069917,3.5266143430131276,13.423291669126707
2039-02-17,8.470837447896265,3.5175746532678085,13.424100242524723
2039-02-24,8.46894814942399,3.518786992900356,13.419109305947625
2039-03-03,8.649533200119347,3.595779075631195,13.703287324607498
2039-03-10,8.64826031800633,3.5927763853339023,13.703744250678756
2039-03-17,8.643504132312533,3.5388494419985097,13.748158822626555
2039-03-24,8.592473883191724,3.446350311427386,13.738597454956063
2039-03-31,8.578295920018423,3.369495232009645,13.787096608027202
2039-04-07,8.604557607396599,3.3825419487883632,13.826573266004834
2039-04-14,8.627409301054454,3.371560278962664,13.883258323146244
2039-04-21,8.64085695465062,3.3926451874966146,13.889068721804623
2039-04-28,8.67020811015475,3.393402679950081,13.947013540359418
2039-05-05,8.847652559326631,3.4939194128429936,14.201385705810269
2039-05-12,8.782484752060695,3.380319414797449,14.184650089323942
2039-05-19,8.7819858456657,3.3748481712195906,14.18912352011181
2039-05-26,8.785312174063417,3.378174499617308,14.192449848509526
2039-06-02,10.063996842751235,2.520173286286151,17.60782039921632
2039-06-09,10.163604947912038,2.6278090282222077,17.699400867601867
2039-06-16,10.166931276309755,2.631135356619925,17.702727195999586
2039-06-23,10.133810213136643,2.5112052546335875,17.7564151716397
2039-06-30,10.092195148861865,2.498478966881664,17.685911330842067
2039-07-07,9.56142573462725,2.472031522154616,16.650819947099883
2039-07-14,9.547044003484773,2.4116110754168263,16.68247693155272
2039-07-21,9.575784795374448,2.493178640825631,16.658390949923266
2039-07-28,9.643315256287465,2.6458829092315783,16.640747603343353
2039-08-04,11.778164381459105,6.358283252803628,17.198045510114582
2039-08-11,11.758268824498797,6.288531033343945,17.228006615653648
2039-08-18,11.807625296195328,6.430545799481414,17.18470479290924
2039-08-25,11.805524513256392,6.42456572855527,17.186483297957516
2039-09-01,11.452922121433257,6.2953265050003315,16.610517737866182
2039-09-08,11.392224403457222,6.246883808125558,16.537564998788888
2039-09-15,11.365142070570695,6.209083151143007,16.521200989998384
2039-09-22,11.329421016555777,6.128937726981329,16.529904306130227
2039-09-29,11.320791118285776,6.120784040953697,16.520798195617854
2039-10-06,8.997472470496067,4.331602049757825,13.66334289123431
2039-10-13,9.036227153144086,4.451198156183663,13.621256150104509
2039-10-20,9.042334501206444,4.494693386641025,13.589975615771863
2039-10-27,9.059054408958298,4.520076778097145,13.59803203981945
2039-11-03,9.647486830566292,5.181365187653413,14.113608473479172
2039-11-10,9.647112225750849,5.204341765329396,14.089882686172302
2039-11-17,9.616724439726257,5.170252814602497,14.063196064850016
2039-11-24,9.627623636230702,5.184706440571443,14.07054083188996
2039-12-01,9.105834483276903,3.959514006933844,14.252154959619961
2039-12-08,9.028946381321678,3.76307505378432,14.294817708859036
2039-12-15,8.994467892163403,3.689253496149962,14.299682288176843
2039-12-22,9.00229439524756,3.7184814396267774,14.286107350868342
2039-12-29,9.01787057293285,3.7107175892895796,14.32502355657612
2040-01-05,8.968409112848404,3.953229548470625,13.983588677226184
2040-01-12,9.017322745129519,3.9185278400552344,14.116117650203805
2040-01-19,9.023045209254832,3.929447543649804,14.11664287485986
2040-01-26,9.042620169817567,3.9671323712790345,14.1181079683561
2040-02-02,8.707652534765003,3.702670569784458,13.712634499745548
2040-02-09,8.627634864653958,3.759853931215943,13.495415798091972
2040-02-16,8.622775620534428,3.7491517430898833,13.496399497978974
2040-02-23,8.620886322062155,3.7505013171059582,13.491271327018353
2040-03-01,8.811192942873184,3.7771287444209136,13.845257141325455
2040-03-08,8.811252173606219,3.7771966573608404,13.845307689851598
2040-03-15,8.811750326080741,3.7360229444622446,13.887477707699237
2040-03-22,8.765390166256969,3.6509170112608764,13.879863321253062
2040-03-29,8.739955662772262,3.550964417229113,13.92894690831541
2040-04-05,8.781096926171006,3.557483175701175,14.004710676640837
2040-04-12,8.803948619828862,3.5465627275492544,14.06133451210847
2040-04-19,8.817396273425027,3.567671843198881,14.067120703651174
2040-04-26,8.844025790559682,3.567146690535708,14.120904890583656
2040-05-03,9.089827982013023,3.782597506017783,14.397058458008264
2040-05-10,9.024476488560952,3.6724078301382024,14.376545146983702
2040-05-17,9.01843153465988,3.65293017709406,14.383932892225701
2040-05-24,9.108308673871079,3.6384547587499565,14.578162588992202
2040-05-31,9.111635002268796,3.641781087147674,14.581488917389919
2040-06-07,10.366425565348784,2.853389831913173,17.879461298784395
2040-06-14,10.369751893746503,2.856716160310892,17.882787627182115
2040-06-21,10.33663083057339,2.7359761517578027,17.937285509388975
2040-06-28,10.295015766298613,2.722652978180478,17.86737855441675
2040-07-05,9.737681603530733,2.6733113449820136,16.802051862079452
2040-07-12,9.723299872388255,2.6126974292711314,16.833902315505377
2040-07-19,9.75204066427793,2.6944963193921625,16.809585009163698
2040-07-26,9.81047165582265,2.830210532771436,16.790732778873863
2040-08-02,11.922282613148267,6.505526598098314,17.33903862819822
2040-08-09,11.902387056187962,6.43621670936286,17.368557403013064
2040-08-16,11.942286656096464,6.543798794736577,17.34077451745635
2040-08-23,11.949642744945555,6.5714734891637,17.32781200072741
2040-08-30,11.952969073343272,6.574799817561417,17.331138329125128
2040-09-06,11.560079820423095,6.409460141205968,16.71069949964022
2040-09-13,11.544616691551425,6.404997997607177,16.684235385495676
2040-09-20,11.508226628924266,6.325826038741786,16.690627219106744
2040-09-27,11.488646535251648,6.283723076297015,16.693569994206282
2040-10-04,9.196710948601329,4.558985345768545,13.834436551434113
2040-10-11,9.239355639271086,4.6906439980605885,13.788067280481583
2040-10-18,9.245462987333443,4.7345116487829175,13.75641432588397
2040-10-25,9.262182895085298,4.760310325280642,13.764055464889953
2040-11-01,9.824617431811854,5.357816883939166,14.291417979684542
2040-11-08,9.82424282699641,5.380776578427931,14.267709075564891
2040-11-15,9.823371487780737,5.365199121376084,14.28154385418539
2040-11-22,9.801167653720885,5.356740132409192,14.245595175032577
2040-11-29,9.812563872904075,5.380572152438677,14.244555593369473
